<?xml version="1.0" encoding="UTF-8"?>
<project-private xmlns="http://www.netbeans.org/ns/project-private/1">
    <editor-bookmarks xmlns="http://www.netbeans.org/ns/editor-bookmarks/2" lastBookmarkId="0"/>
    <open-files xmlns="http://www.netbeans.org/ns/projectui-open-files/2">
        <group>
            <file>file:/C:/Users/crist/OneDrive/Documentos/NetBeansProjects/Banco/src/modelos/Cuenta.java</file>
            <file>file:/C:/Users/crist/OneDrive/Documentos/NetBeansProjects/Banco/src/modelos/Agenda.java</file>
            <file>file:/C:/Users/crist/OneDrive/Documentos/NetBeansProjects/Banco/src/modelos/Persona.java</file>
            <file>file:/C:/Users/crist/OneDrive/Documentos/NetBeansProjects/Banco/src/modelos/RelacionPersonaCuenta.java</file>
            <file>file:/C:/Users/crist/OneDrive/Documentos/NetBeansProjects/Banco/src/modelos/Transferencias.java</file>
            <file>file:/C:/Users/crist/OneDrive/Documentos/NetBeansProjects/Banco/src/vistas/AdminFrame.java</file>
            <file>file:/C:/Users/crist/OneDrive/Documentos/NetBeansProjects/Banco/src/vistas/paneles/PanelCreditosCliente.java</file>
            <file>file:/C:/Users/crist/OneDrive/Documentos/NetBeansProjects/Banco/src/vistas/ClienteFrame.java</file>
            <file>file:/C:/Users/crist/OneDrive/Documentos/NetBeansProjects/Banco/src/vistas/paneles/PanelCuentasCliente.java</file>
            <file>file:/C:/Users/crist/OneDrive/Documentos/NetBeansProjects/Banco/src/vistas/paneles/PanelGestionCreditos.java</file>
            <file>file:/C:/Users/crist/OneDrive/Documentos/NetBeansProjects/Banco/src/vistas/paneles/PanelGestionUsuarios.java</file>
            <file>file:/C:/Users/crist/OneDrive/Documentos/NetBeansProjects/Banco/src/vistas/paneles/PanelOperacionesBancarias.java</file>
            <file>file:/C:/Users/crist/OneDrive/Documentos/NetBeansProjects/Banco/src/vistas/paneles/PanelTransferencias.java</file>
            <file>file:/C:/Users/crist/OneDrive/Documentos/NetBeansProjects/Banco/src/Main.java</file>
            <file>file:/C:/Users/crist/OneDrive/Documentos/NetBeansProjects/Banco/src/modelos/Credito.java</file>
        </group>
    </open-files>
</project-private>
